title,link,price,rating,number_of_reviews
"10.1"" inches Smart Tablet PC | 17 Air Tab pro max | Wireless Keyboard | RAM 24GB + ROM 1TB | Dual Sim Cards Support | orange",https://www.amazon.sa//-/en/17-Air-Tab-pro-Wireless/dp/B0G6V5W2LD,399.,2.6,(3)
"Tablet,10.1"" Android Tablet 8GB RAM 256GB ROM HD 1280x800 IPS Touchscreen,Dual SIM Card Slots,Dual Band WiFi,GMS,BT 5.0,Dual Camera (Gold)",https://www.amazon.sa//-/en/SVMAN-Tablet-Android-1280x800-Touchscreen/dp/B0GCRGNTM6,428.,2.1,(3)
Lenovo Idea Tab Tablet | 11 Inch 2.5K 16:10 LCD Display | MediaTek Dimensity 6300 | 8GB RAM | 128GB Memory | Android 15 | Luna Grey | Includes Tab Pen,https://www.amazon.sa//-/en/Lenovo-Idea-Tablet-Inch-2-5K/dp/B0F5X1Q29N,899.,4.5,(1.1K)
"XIAOMI Pad 7, 11-inch Tablet, Wi-FI, 256 GB, 8 GB RAM, Grey",https://www.amazon.sa//-/en/XIAOMI-Pad-11-inch-Tablet-Wi-FI/dp/B0DZ144ZMX,"1,399.",4.8,(65)
"XIAOMI Redmi Pad 2 Pro, 8 + 256 GB, 12.1"" 2.5K 120 Hz, giant 12,000 mAh battery (typical), 4 nm processor, continuous connectivity, graphite grey, WiFi",https://www.amazon.sa//-/en/battery-processor-continuous-connectivity-graphite/dp/B0FY1YG466,"1,199.",4.4,(33)
"Lenovo Idea Tab, 11 INCH, 2.5K, POLAR BLUE, MediaTek Dimensity 6300 OC, 8GB Ram, 256GB Storage, with Call Feature, 5G, 7040 mAh Battery, Keyboard Case and Pen, TB336ZU, ZAFM0356SA",https://www.amazon.sa//-/en/Lenovo-MediaTek-Dimensity-TB336ZU-ZAFM0356SA/dp/B0FLVW3ZVP,"1,399.",2.5,(3)
"Lenovo Tab One, 8.7 INCH, LUNA GREY, MediaTek® G85 OC 2.0GHz, 4GB Ram, 128GB Storage, with Call Feature, 4G-LTE, 5100 mAh Battery,with Clear Case, TB305XU, ZAF10102SA",https://www.amazon.sa//-/en/Lenovo-MediaTek%C2%AE-Storage-TB305XU-ZAF10102SA/dp/B0F93WMWKD,599.,3.3,(17)
"ALLDOCUBE Tablet 8.4 Inch, Android 15, 16GB RAM+256GB Storage, 6050mAh Battery, Support GPS/Face Recognition/4G LTE",https://www.amazon.sa//-/en/ALLDOCUBE-Android-Storage-6050mAh-Recognition/dp/B0FKT8NH45,649.,4.1,(257)
"CHUWI Hi10 Max 12.96"" 3K IPS Touch Screen, Intel N150 Processor, 12GB DDR5, 512GB SSD, 3-in-1 Windows 11 Tablet PC, WiFi 6, Detachable Keyboard Tablet",https://www.amazon.sa//-/en/CHUWI-Processor-Windows-Detachable-Keyboard/dp/B0GH6NTZPZ,"2,147.",,
"REDMAGIC Astra Gaming Tablet, 12GB RAM+256GB ROM, Snapdragon 8 Elite, 2.4K, OLED, 9.06'', Eclipse",https://www.amazon.sa//-/en/REDMAGIC-Gaming-Tablet-Snapdragon-Eclipse/dp/B0F8QH1KTX,"3,499.",4.4,(114)
"Samsung Galaxy Tab A11+, 5G, Android Tablet, Gray, 6GB RAM, 128GB Storage, 11"" Screen (KSA Version)",https://www.amazon.sa//-/en/Samsung-Galaxy-Android-Storage-Version/dp/B0FZBKF7ZF,980.,4.1,(11)
"AGM PAD T2 Tablet Android 14, FHD 1920x1200 Display, 4GB RAM, 256GB ROM (TF 512GB),GPS/Type-C/8000mAh Battery/Dual SIM 4G LTE/5G Hz WIFI/Face ID",https://www.amazon.sa//-/en/AGM-PAD-T2-Android-1920x1200/dp/B0DGX4MK98,575.,4.0,(46)
"TCL TAB11 FE Ares-11 4GB RAM 128GB ROM 6000mAh 11-Inch FHD Android 14 Tablet with Flip Case, Grey",https://www.amazon.sa//-/en/TCL-Ares-11-6000mAh-11-Inch-Android/dp/B0FQ5VM7V8,559.,,
"HONOR Pad X7 8.7"" Wi-Fi Tablet, 4GB RAM 128GB Storage, 90Hz Display, Snapdragon 680, Android 15, Gray with Cover Case (UAE Version)",https://www.amazon.sa//-/en/HONOR-Storage-Display-Snapdragon-Android/dp/B0FKC36CC9,,4.5,(201)
"Samsung Galaxy Tab A11 8.7"" 64GB/4GB Wi-Fi Prateado",https://www.amazon.sa//-/en/Samsung-Galaxy-64GB-Wi-Fi-Prateado/dp/B0FWSD2KK3,612.,4.2,(36)
"Microsoft Surface Pro 7 12.3 Inch Tablet (Platinum) - Intel 10th Generation Quad Core i5, 8GB RAM, 128GB SSD, Windows 10 Home, 2019 Edition",https://www.amazon.sa//-/en/Microsoft-Surface-12-3-Tablet-Platinum/dp/B07Y5M67K7,"1,575.",4.4,(676)
"HUAWEI MatePad SE 11 4GB+128GB Kid Tablet, M-Pen lite, FullView Display，Large Capacity Battery，Kids Corner, 1-Year Amazon Exclusive Huawei Care+",https://www.amazon.sa//-/en/HUAWEI-FullView-Display%EF%BC%8CLarge-Battery%EF%BC%8CKids-Exclusive/dp/B0G9T81DGC,749.,4.0,(5)
"Microsoft Surface Pro 7 Plus Intel 11Th Gen Quad Core i7-1165G7 2.8 GHz, 16GB, 512GB SSD, 12.3"" TRA Window 10 PRO - Platinum | 1ND-00006 (Renewed)",https://www.amazon.sa//-/en/Microsoft-Surface-Intel-i7-1165G7-Window/dp/B0GDNWN4B6,"2,299.",,
Lenovo Tab M11 Android Tablet | 11 Inch Full HD 1200p | 128 GB | Lenovo Tab Pen | WiFi | 4 GB RAM | Luna Grey | Designed for Portable Entertainment,https://www.amazon.sa//-/en/Lenovo-Android-Designed-Portable-Entertainment/dp/B0CRF732V7,796.,4.5,(2.3K)
"Lenovo Tab, 10-inch, LUNA GREY, MediaTek® G85 OC 2.0GHz, 4GB Ram, 128GB Storage, WIFI, 5100 mAh Battery, TB311FU,with Kids Bumper Case, ZAEH0086SA",https://www.amazon.sa//-/en/Lenovo-10-inch-MediaTek%C2%AE-TB311FU-ZAEH0086SA/dp/B0DQQ9DXTX,799.,4.4,(11)
"Android Tablet, 7-Inch Tablet with Octa-core Processor, 2GB RAM + 32GB Expansion+1TB, Long Battery Life, WiFi 2.4G/5G, BT, Dual Camera, Play GMS Certified",https://www.amazon.sa//-/en/RUIQIAI-Octa-core-Processor-Expansion-Certified/dp/B0CCRY7QB2,199.,3.8,(151)
"Tablet Lenovo ZAFR0389ES 11"" 8 GB RAM 128 GB Grey",https://www.amazon.sa//-/en/Tablet-Lenovo-ZAFR0389ES-RAM-Grey/dp/B0G6BS48TS,825.,4.2,(31)
"Lenovo Idea Tab, 11 INCH, 2.5K, 2560x1600, LUNA GREY, MediaTek® Dimensity 6300 OC, 8GB Ram, 256GB Storage, with Call Feature, 5G, 7040 mAh Battery,with Folio Case and Pen, TB336ZU, ZAFM0656SA",https://www.amazon.sa//-/en/Lenovo-2560x1600-MediaTek%C2%AE-TB336ZU-ZAFM0656SA/dp/B0FLVW2J3G,"1,199.",3.7,(4)
"Android 15 Tablet 10 inch, 2 in1 Tablets with Keyboard Case Mouse Stylus, 10GB RAM 64GB ROM 1TB Expand, Quad-Core Processor Tablet PC, 5G WiFi6, BT5.0, 6000mAh, 1280*800 IPS Screen, Widevine L1, Black",https://www.amazon.sa//-/en/Android-Keyboard-Quad-Core-Processor-Widevine/dp/B0DX653W8S,322.,4.1,(96)
"Xiaomi Redmi Pad 2 Pro, Tablet, 8 + 256 GB Solid 12000 mAh (Type) Advanced Battery 4 nm Processor 12.1 Inch 2.5 K Crystal Clear Display, WiFi Version, Charger Included (Silvery White)",https://www.amazon.sa//-/en/Xiaomi-Pro-Advanced-Processor-Included/dp/B0FY332NBB,"1,459.",4.2,(3)
"Redmi Pad 2 Pro 12.1"" 2.5K crystal-clear Display Graphite Gray 8GB RAM 256GB wiFi With Free Inbox Keyboard - Global Version",https://www.amazon.sa//-/en/Redmi-crystal-clear-Display-Graphite-Keyboard/dp/B0FWRH2DHW,"1,298.",4.1,(9)
"Apple iPad Pro 13-inch (M5) 256GB: Ultra Retina XDR display, Landscape 12MP Front Camera/12MP Back Camera, LiDAR Scanner, Wi-Fi 7 with Apple N1, All-Day Battery Life — Space Black",https://www.amazon.sa//-/en/Apple-iPad-Pro-13-inch-256GB/dp/B0FWD723Y2,"6,117.",4.4,(20)
"XIAOMI Pad 7 Pro Ai WiFi Version Global (No Calls or Text) 11.2 inches 3.2K 144Hz 8850mAh Bluetooth 5.4 Four Speakers 50 Mp Cam Model 24091RPADG (Green, 512GB + 12GB)",https://www.amazon.sa//-/en/Version-8850mAh-Bluetooth-Speakers-24091RPADG/dp/B0DY6RG7TY,"2,298.",4.6,(59)
"ATOZEE 10 Inch Tablet, Android 14 Tablets 8GB RAM 64GB ROM 1024GB Expand Tableta 2MP+ 8MP Camera Bluetooth WiFi-6 Tablet Computer 10.1 in Tablet IPS 10"" HD Display 6000mAh Long Battery Life Tabletas",https://www.amazon.sa//-/en/ATOZEE-Android-Bluetooth-Computer-Tabletas/dp/B0DG4WDYY3,296.,3.9,(171)
"Microsoft Surface Pro 7 – 12.3"" Touch-Screen - Intel Core i5-8GB Memory - 256GB SSD Platinum (Renewed)",https://www.amazon.sa//-/en/Microsoft-Surface-Pro-Touch-Screen-Platinum/dp/B081ZK53GG,"1,498.",3.8,(210)
"Apple 2021 iPad Pro (12.9-inch, Wi-Fi + Cellular, 1TB) - Silver (5th Generation) (Renewed)",https://www.amazon.sa//-/en/Apple-2021-12-9-inch-Wi-Fi-Cellular/dp/B0CQ2YYRL2,"3,399.",4.2,(6)
"Brave T3 Pro 128GB 4GB+4GB RAM 10.1"" LTE Tablet Dark Grey",https://www.amazon.sa//-/en/Brave-128GB-10-1-Tablet-Dark/dp/B0F7RNW7H9,,,
"HONOR MagicPad 4 12+ 256 GB Wi-Fi, White with Keyboard, Cover, Pen & HONOR CHOICE MouseBuds Pro",https://www.amazon.sa//-/en/HONOR-MagicPad-Keyboard-CHOICE-MouseBuds/dp/B0GY5HBPV8,"3,630.",5.0,(4)
"WUIUHOU 10.1 Inch Android 15 Tablet, 8GB RAM 32GB Storage, HD IPS Display, 5G WiFi 6,6000mAh Battery, Dual Camera for Video Call, Tab with Case & Stylus Pen for Work/Study Tablet with case (Black)",https://www.amazon.sa//-/en/WUIUHOU-Android-Storage-Display-6000mAh/dp/B0GD7BQDLQ,300.,4.1,(48)
"TCL Bellona NXTPAPER 11 Plus 2.2K 8GB RAM 256GB ROM 8000mAh 11.5-Inch Android 15 Tablet with Flip Case, Onyx Black",https://www.amazon.sa//-/en/TCL-Bellona-NXTPAPER-8000mAh-11-5-Inch/dp/B0FQ5VMGYW,899.,5.0,(1)
"Android Tablet 8 inch, Android 12.0 Tableta 32GB Storage 512GB SD Expansion Tablets PC, Quad-core Processor 2GB RAM 1280x800 IPS HD Touchscreen Dual Camera Tablets, Support WiFi6, BT, 4300 mAh Battery",https://www.amazon.sa//-/en/Expansion-Quad-core-Processor-1280x800-Touchscreen/dp/B0BVFVDNPM,207.,3.8,(143)
"TCL Hera NXTPAPER 14 2.4K 8GB RAM 256GB ROM 10000mAh 14.3-Inch Android 14 Tablet with Flip Case, Grey",https://www.amazon.sa//-/en/TCL-NXTPAPER-10000mAh-14-3-Inch-Android/dp/B0FQ5VH3SH,"1,529.",5.0,(2)
"10.1 Inch Tablet, 6GB RAM 128GB Storage, Tablet with sim card version,1280x800 IPS HD Screen, 4000mAh Battery,Dual-band Wi-Fi, Bluetooth,GPS, Keyboard/tablet cover combo set (Gray)",https://www.amazon.sa//-/en/SYCGYQ-1280x800-Dual-band-Bluetooth-Keyboard/dp/B0DB8G9R5K,428.,3.5,(9)
"Samsung X210R Galaxy Tab A9+ 11"", Wi-Fi, 256GB 8GB RAM, Graphite",https://www.amazon.sa//-/en/Samsung-X210R-Galaxy-Wi-Fi-Graphite/dp/B0FC2KQGNJ,"1,405.",4.7,(192)
"XIAOMI Pad 8 Ai WiFi Version Global (No Calls or Text) 11.2 inches 3.2K 144Hz 9200mAh Four Speakers 13 Mp Model 25097RP43G (Pine Green, 256GB + 8GB)",https://www.amazon.sa//-/en/XIAOMI-Version-9200mAh-Speakers-25097RP43G/dp/B0F91PKF9D,"1,744.",4.8,(25)
C idea Tablet,https://www.amazon.sa//-/en/C-idea-P1250-Tablet/dp/B0CNXHNHTH,299.,3.7,(30)
Pad 3 512GB 16GB Storm Blue WIFI,https://www.amazon.sa//-/en/512GB-16GB-Storm-Blue-WIFI/dp/B0F9B2TDYN,"3,053.",4.6,(63)
"Apple 2022 11-inch iPad Pro (Wi-Fi, 128GB) - Space Gray (4th generation) (Renewed)",https://www.amazon.sa//-/en/Apple-2022-11-inch-Wi-Fi-128GB/dp/B0CQ2XBWJ5,"2,849.",3.5,(7)
"Xiaomi Redmi Pad 2 Only WiFi (No Calls or Text) 11"" 2.5K Octa Core 4 Speakers Global ROM 9000mAh Bluetooth 5.3 8MP Model 25040RP0AL (Graphite Gray, 128GB + 4GB)",https://www.amazon.sa//-/en/Xiaomi-Speakers-Bluetooth-25040RP0AL-Graphite/dp/B0F9B9NC89,850.,4.8,(1.6K)
Oteeto Tab 10 Kids for Learning and Entertainment 10.1 Inch Display Tablet With 6GB RAM 128 GB ROM and 8000 mAh Battery (Blue),https://www.amazon.sa//-/en/Oteeto-Learning-Entertainment-Display-Battery/dp/B0CMXSFFQS,299.,3.4,(13)
"TECLAST T65 PLUS Tablet 13.4 Inch 120Hz Display Helio G99 2.2GHz Gaming Tablets Android 15, 20GB RAM + 256GB ROM (8TB TF) Tablet PC, 10000mAh/18W, 4G LTE Dual SIM + 5GWiFi, Widevine L1/13MP/BT5.2/GPS",https://www.amazon.sa//-/en/TECLAST-Display-Tablets-10000mAh-Widevine/dp/B09FKZ4WTG,"1,139.",4.8,(313)
"Apple (Refurbished) 2021 iPad (10.2-inch, Wi-Fi + Cellular, 256GB) - Silver (9th Generation)",https://www.amazon.sa//-/en/Apple-Refurbished-10-2-inch-Wi-Fi-Cellular/dp/B0CQ2ZNK68,"1,299.",2.9,(13)
"Samsung Galaxy Tab S10 Lite AI Tablet, Android Tablet, 6 GB RAM, 128 GB Memory, 27.7 cm/10.9 Inch Display with 90 Hz, Includes S Pen, Wi-Fi, Grey",https://www.amazon.sa//-/en/Samsung-Galaxy-Tab-S10-Lite/dp/B0FJS9JMJH,"1,611.",4.6,(320)
